{
  "server_time": null,
  "devices": [
    {
      "device_id": "agv17",
      "sort_key": "1027_135105",
      "current": {
        "state": 3,
        "state_name": "Danger (3)"
      },
      "pred": {
        "score": 2.935583,
        "state": 3,
        "state_name": "Danger (3)"
      }
    },
    {
      "device_id": "agv18",
      "sort_key": "1027_142206",
      "current": {
        "state": 3,
        "state_name": "Danger (3)"
      },
      "pred": {
        "score": 2.9340882,
        "state": 3,
        "state_name": "Danger (3)"
      }
    },
    {
      "device_id": "oht17",
      "sort_key": "0920_182245",
      "current": {
        "state": 3,
        "state_name": "Danger (3)"
      },
      "pred": {
        "score": 2.9350808,
        "state": 3,
        "state_name": "Danger (3)"
      }
    },
    {
      "device_id": "oht18",
      "sort_key": "0920_183304",
      "current": {
        "state": 3,
        "state_name": "Danger (3)"
      },
      "pred": {
        "score": 2.9356647,
        "state": 3,
        "state_name": "Danger (3)"
      }
    }
  ]
}