{
  "server_time": "2026-02-25T15:18:48",
  "devices": [
    {
      "device_id": "agv17",
      "sort_key": "1027_134657",
      "current": {
        "score": 0.018343508,
        "state": 0,
        "state_name": "Normal (0)"
      },
      "pred": {
        "score": 0.7480469,
        "state": 1,
        "state_name": "Attention (1)"
      }
    },
    {
      "device_id": "agv18",
      "sort_key": "1027_141827",
      "current": {
        "score": 0.08011298,
        "state": 0,
        "state_name": "Normal (0)"
      },
      "pred": {
        "score": 0.27172852,
        "state": 0,
        "state_name": "Normal (0)"
      }
    },
    {
      "device_id": "oht17",
      "sort_key": "0830_081721",
      "current": {
        "score": 1.2039447,
        "state": 1,
        "state_name": "Attention (1)"
      },
      "pred": {
        "score": 1.0214844,
        "state": 1,
        "state_name": "Attention (1)"
      }
    },
    {
      "device_id": "oht18",
      "sort_key": "0902_024828",
      "current": {
        "score": 1.9222834,
        "state": 2,
        "state_name": "Warning (2)"
      },
      "pred": {
        "score": 1.7519531,
        "state": 2,
        "state_name": "Warning (2)"
      }
    }
  ]
}